local_id,name,avg_r,avg_g,avg_b,avg_hex,naive_r,naive_g,naive_b,naive_hex,useful_pixel_count,alpha_weight,frames_used,image_role,image_used,error
0,Dirt Block,149,108,79,#956C4F,138,100,73,#8A6449,2116,2116.0,1,color_image_path,images/color/0_dirt_block_color.png,
1,Wood,139,101,75,#8B654B,127,93,68,#7F5D44,2268,2268.0,1,color_image_path,images/color/1_wood_color.png,
2,Living Wood,141,102,74,#8D664A,132,95,69,#845F45,2236,2236.0,1,color_image_path,images/color/2_living_wood_color.png,
3,Active Stone Block,121,121,121,#797979,104,104,104,#686868,2152,2152.0,1,color_image_path,images/color/3_active_stone_block_color.png,
4,Copper Ore,157,96,58,#9D603A,140,78,45,#8C4E2D,2148,2148.0,1,color_image_path,images/color/4_copper_ore_color.png,
5,Gray Brick,109,109,109,#6D6D6D,96,96,96,#606060,2288,2288.0,1,color_image_path,images/color/5_gray_brick_color.png,
6,Large Bamboo,109,114,46,#6D722E,93,102,33,#5D6621,2272,2272.0,1,color_image_path,images/color/6_large_bamboo_color.png,
7,Dyansty Wood,97,54,23,#613617,79,44,20,#4F2C14,2288,2288.0,1,color_image_path,images/color/7_dyansty_wood_color.png,
8,Candy Cane Block,199,140,145,#C78C91,184,93,112,#B85D70,2288,2288.0,1,color_image_path,images/color/8_candy_cane_block_color.png,
9,Stone Block,121,121,121,#797979,104,104,104,#686868,2152,2152.0,1,color_image_path,images/color/9_stone_block_color.png,
10,Boreal Wood,93,77,69,#5D4D45,85,70,61,#55463D,2304,2304.0,1,color_image_path,images/color/10_boreal_wood_color.png,
11,Leaf Block,17,112,48,#117030,16,96,43,#10602B,2060,2060.0,1,color_image_path,images/color/11_leaf_block_color.png,
12,Inactive Stone Block,121,121,121,#797979,104,104,104,#686868,2152,2152.0,1,color_image_path,images/color/12_inactive_stone_block_color.png,
13,Tin Ore,121,115,94,#79735E,105,102,84,#696654,2148,2148.0,1,color_image_path,images/color/13_tin_ore_color.png,
14,Red Brick,143,86,80,#8F5650,125,76,69,#7D4C45,2288,2288.0,1,color_image_path,images/color/14_red_brick_color.png,
15,Feywood,138,91,72,#8A5B48,123,79,66,#7B4F42,2172,2172.0,1,color_image_path,images/color/15_feywood_color.png,
16,Blue Dynasty Shingles,67,110,112,#436E70,62,98,98,#3E6262,2196,2196.0,1,color_image_path,images/color/16_blue_dynasty_shingles_color.png,
17,Green Candy Cane Block,130,202,151,#82CA97,90,188,129,#5ABC81,2288,2288.0,1,color_image_path,images/color/17_green_candy_cane_block_color.png,
18,Ebonstone Block,88,75,105,#584B69,79,66,94,#4F425E,2152,2151.7490196078434,1,color_image_path,images/color/18_ebonstone_block_color.png,
19,Palm Wood,140,111,66,#8C6F42,129,101,61,#81653D,2288,2288.0,1,color_image_path,images/color/19_palm_wood_color.png,
20,Living Mahogany,140,84,89,#8C5459,125,74,78,#7D4A4E,2148,2148.0,1,color_image_path,images/color/20_living_mahogany_color.png,
21,Explosives,127,58,52,#7F3A34,112,42,33,#702A21,476,476.0,1,color_image_path,images/color/21_explosives_color.png,
22,Iron Ore,136,121,114,#887972,116,99,92,#74635C,2148,2148.0,1,color_image_path,images/color/22_iron_ore_color.png,
23,Sandstone Brick,173,162,92,#ADA25C,158,147,80,#9E9350,2288,2288.0,1,color_image_path,images/color/23_sandstone_brick_color.png,
24,Flinx Fur Block,204,170,205,#CCAACD,194,162,200,#C2A2C8,2008,2008.0,1,color_image_path,images/color/24_flinx_fur_block_color.png,
25,Red Dynasty Shingles,136,55,51,#883733,119,49,45,#77312D,2196,2196.0,1,color_image_path,images/color/25_red_dynasty_shingles_color.png,
26,Pine Tree Block,32,100,72,#206448,22,83,64,#165340,1580,1580.0,1,color_image_path,images/color/26_pine_tree_block_color.png,
27,Crimstone,126,40,40,#7E2828,108,34,35,#6C2223,2152,2152.0,1,color_image_path,images/color/27_crimstone_color.png,
28,Rich Mahogany,119,69,72,#774548,110,63,66,#6E3F42,2224,2224.0,1,color_image_path,images/color/28_rich_mahogany_color.png,
29,Mahogany Leaf,82,130,6,#528206,75,119,6,#4B7706,2008,2008.0,1,color_image_path,images/color/29_mahogany_leaf_color.png,
30,Dart Trap,94,94,94,#5E5E5E,71,71,71,#474747,240,240.0,1,color_image_path,images/color/30_dart_trap_color.png,
31,Lead Ore,67,78,87,#434E57,58,67,75,#3A434B,2148,2148.0,1,color_image_path,images/color/31_lead_ore_color.png,
32,Snow Brick,170,188,203,#AABCCB,149,170,192,#95AAC0,2288,2288.0,1,color_image_path,images/color/32_snow_brick_color.png,
33,Pine Wood,121,68,40,#794428,103,52,32,#673420,2252,2252.0,1,color_image_path,images/color/33_pine_wood_color.png,
34,Easter Block,195,161,152,#C3A198,180,144,138,#B4908A,2288,2288.0,1,color_image_path,images/color/34_easter_block_color.png,
35,Bone Block,125,125,93,#7D7D5D,114,114,84,#727254,2060,2060.0,1,color_image_path,images/color/35_bone_block_color.png,
36,Pearlstone Block,132,118,138,#84768A,123,108,134,#7B6C86,2168,2168.0,1,color_image_path,images/color/36_pearlstone_block_color.png,
37,Ebonwood,103,96,118,#676076,94,88,109,#5E586D,2232,2232.0,1,color_image_path,images/color/37_ebonwood_color.png,
38,Thin Ice,96,118,159,#60769F,88,115,152,#587398,2116,1263.7176470588236,1,color_image_path,images/color/38_thin_ice_color.png,
39,Venom Dart Trap,95,95,95,#5F5F5F,71,71,71,#474747,216,216.0,1,color_image_path,images/color/39_venom_dart_trap_color.png,
40,Silver Ore,135,142,143,#878E8F,107,117,119,#6B7577,2148,2148.0,1,color_image_path,images/color/40_silver_ore_color.png,
41,Ice Brick,158,188,224,#9EBCE0,129,173,219,#81ADDB,2288,2288.0,1,color_image_path,images/color/41_ice_brick_color.png,
42,Librarian Block,109,96,103,#6D6067,85,73,77,#55494D,2296,2296.0,1,color_image_path,images/color/42_librarian_block_color.png,
43,Red Team Block,166,82,76,#A6524C,142,52,61,#8E343D,2288,2288.0,1,color_image_path,images/color/43_red_team_block_color.png,
44,Spooky Wood,80,63,93,#503F5D,72,58,83,#483A53,2256,2256.0,1,color_image_path,images/color/44_spooky_wood_color.png,
45,Granite Block,42,48,121,#2A3079,37,37,96,#252560,2152,2152.0,1,color_image_path,images/color/45_granite_block_color.png,
46,Shadewood,85,95,97,#555F61,77,87,90,#4D575A,2224,2224.0,1,color_image_path,images/color/46_shadewood_color.png,
47,Cloud,213,242,251,#D5F2FB,208,241,251,#D0F1FB,2120,2120.0,1,color_image_path,images/color/47_cloud_color.png,
48,Super Dart Trap,109,48,26,#6D301A,80,30,22,#501E16,240,240.0,1,color_image_path,images/color/48_super_dart_trap_color.png,
49,Tungsten Ore,112,133,113,#708571,77,94,79,#4D5E4F,2148,2148.0,1,color_image_path,images/color/49_tungsten_ore_color.png,
50,Mudstone Brick,86,65,70,#564146,78,59,64,#4E3B40,2260,2260.0,1,color_image_path,images/color/50_mudstone_brick_color.png,
51,Office Block,98,61,45,#623D2D,90,54,43,#5A362B,2304,2304.0,1,color_image_path,images/color/51_office_block_color.png,
52,Green Team Block,86,165,89,#56A559,55,140,82,#378C52,2288,2288.0,1,color_image_path,images/color/52_green_team_block_color.png,
53,Martian Conduit Plating,129,146,156,#81929C,114,127,141,#727F8D,2288,2288.0,1,color_image_path,images/color/53_martian_conduit_plating_color.png,
54,Marble Block,153,162,183,#99A2B7,141,148,168,#8D94A8,2156,2156.0,1,color_image_path,images/color/54_marble_block_color.png,
55,Ash Wood,102,88,97,#665861,92,82,93,#5C525D,2256,2256.0,1,color_image_path,images/color/55_ash_wood_color.png,
56,Rain Cloud,128,124,153,#807C99,126,123,151,#7E7B97,2156,2156.0,1,color_image_path,images/color/56_rain_cloud_color.png,
57,Spear Trap,104,46,28,#682E1C,73,30,25,#491E19,232,232.0,1,color_image_path,images/color/57_spear_trap_color.png,
58,Sturdy Fossil,175,144,101,#AF9065,163,130,90,#A3825A,2160,2160.0,1,color_image_path,images/color/58_sturdy_fossil_color.png,
59,Iridescent Brick,80,62,80,#503E50,58,47,70,#3A2F46,2268,2268.0,1,color_image_path,images/color/59_iridescent_brick_color.png,
60,Grate,115,98,91,#73625B,96,77,72,#604D48,2132,2132.0,1,color_image_path,images/color/60_grate_color.png,
61,Blue Team Block,68,127,165,#447FA5,46,90,141,#2E5A8D,2288,2288.0,1,color_image_path,images/color/61_blue_team_block_color.png,
62,Coralstone Block,150,119,125,#96777D,125,101,117,#7D6575,2116,2116.0,1,color_image_path,images/color/62_coralstone_block_color.png,
63,Sand Block,180,168,94,#B4A85E,170,158,84,#AA9E54,2112,2112.0,1,color_image_path,images/color/63_sand_block_color.png,
64,Pearlwood,93,85,65,#5D5541,77,71,55,#4D4737,2288,2288.0,1,color_image_path,images/color/64_pearlwood_color.png,
65,Snow Cloud,121,130,159,#79829F,117,128,157,#75809D,2152,2152.0,1,color_image_path,images/color/65_snow_cloud_color.png,
66,Spiky Ball Trap,106,45,22,#6A2D16,78,30,18,#4E1E12,256,256.0,1,color_image_path,images/color/66_spiky_ball_trap_color.png,
67,Gold Ore,168,153,82,#A89952,152,135,54,#988736,2148,2148.0,1,color_image_path,images/color/67_gold_ore_color.png,
68,Copper Brick,165,91,44,#A55B2C,150,79,34,#964F22,2192,2192.0,1,color_image_path,images/color/68_copper_brick_color.png,
69,Asphalt Block,33,34,34,#212222,29,31,32,#1D1F20,2296,2296.0,1,color_image_path,images/color/69_asphalt_block_color.png,
70,Yellow Team Block,164,142,67,#A48E43,141,107,46,#8D6B2E,2288,2288.0,1,color_image_path,images/color/70_yellow_team_block_color.png,
71,Ebonsand Block,107,98,125,#6B627D,97,88,114,#615872,2108,2108.0,1,color_image_path,images/color/71_ebonsand_block_color.png,
72,Glowing Mushroom,149,142,119,#958E77,134,128,107,#86806B,2232,2232.0,1,color_image_path,images/color/72_glowing_mushroom_color.png,
73,Rainbow Cloud,222,222,226,#DEDEE2,220,220,225,#DCDCE1,30072,20406.00000000736,14,color_image_path,images/color/73_rainbow_cloud_color.gif,
74,Flame Trap,115,52,23,#733417,85,34,21,#552215,240,240.0,1,color_image_path,images/color/74_flame_trap_color.png,
75,Platinum Ore,123,136,158,#7B889E,105,120,144,#697890,2148,2148.0,1,color_image_path,images/color/75_platinum_ore_color.png,
76,Tin Brick,141,131,109,#8D836D,113,110,87,#716E57,2292,2292.0,1,color_image_path,images/color/76_tin_brick_color.png,
77,Crystal Block,99,65,143,#63418F,78,40,129,#4E2881,2288,2288.0,1,color_image_path,images/color/77_crystal_block_color.png,
78,Pink Team Block,144,69,165,#9045A5,110,47,142,#6E2F8E,2288,2288.0,1,color_image_path,images/color/78_pink_team_block_color.png,
79,Crimsand Block,85,80,70,#555046,78,73,64,#4E4940,2116,2116.0,1,color_image_path,images/color/79_crimsand_block_color.png,
80,Hay,157,133,52,#9D8534,141,117,44,#8D752C,2228,2228.0,1,color_image_path,images/color/80_hay_color.png,
81,Star Cloud,227,216,236,#E3D8EC,223,214,234,#DFD6EA,2148,2148.0,1,color_image_path,images/color/81_star_cloud_color.png,
82,Spike,79,75,72,#4F4B48,59,57,55,#3B3937,1432,1432.0,1,color_image_path,images/color/82_spike_color.png,
83,Meteorite,121,87,86,#795756,105,72,76,#69484C,2136,2136.0,1,color_image_path,images/color/83_meteorite_color.png,
84,Iron Brick,114,98,92,#72625C,103,87,83,#675753,2288,2288.0,1,color_image_path,images/color/84_iron_brick_color.png,
85,Flesh Block,148,82,83,#945253,136,53,63,#88353F,2116,2116.0,1,color_image_path,images/color/85_flesh_block_color.png,
86,White Team Block,152,151,164,#9897A4,122,124,141,#7A7C8D,2288,2288.0,1,color_image_path,images/color/86_white_team_block_color.png,
87,Pearlsand Block,209,198,200,#D1C6C8,200,189,194,#C8BDC2,2116,2116.0,1,color_image_path,images/color/87_pearlsand_block_color.png,
88,Cactus,82,119,42,#52772A,66,110,36,#426E24,2280,2280.0,1,color_image_path,images/color/88_cactus_color.png,
89,Lava Cloud,130,68,65,#824441,115,64,60,#73403C,129840,89373.19999992436,60,color_image_path,images/color/89_lava_cloud_color.gif,
90,Wooden Spike,110,79,72,#6E4F48,91,62,54,#5B3E36,1590,1590.0,1,color_image_path,images/color/90_wooden_spike_color.png,
91,Demonite Ore,95,91,142,#5F5B8E,83,80,124,#53507C,2140,2140.0,1,color_image_path,images/color/91_demonite_ore_color.png,
92,Lead Brick,62,74,88,#3E4A58,57,68,82,#394452,2288,2288.0,1,color_image_path,images/color/92_lead_brick_color.png,
93,Lesion Block,99,81,79,#63514F,93,75,73,#5D4B49,2120,2120.0,1,color_image_path,images/color/93_lesion_block_color.png,
94,Dull Red Team Block,135,35,47,#87232F,117,26,43,#751A2B,2288,2288.0,1,color_image_path,images/color/94_dull_red_team_block_color.png,
95,Sandstone Block,188,122,75,#BC7A4B,183,116,72,#B77448,2116,2116.0,1,color_image_path,images/color/95_sandstone_block_color.png,
96,Pumpkin,213,141,22,#D58D16,199,127,18,#C77F12,2216,2216.0,1,color_image_path,images/color/96_pumpkin_color.png,
97,Sunplate Block,154,123,90,#9A7B5A,117,91,58,#755B3A,2272,2272.0,1,color_image_path,images/color/97_sunplate_block_color.png,
98,Geyser,127,127,127,#7F7F7F,105,105,105,#696969,1704,1704.0,1,color_image_path,images/color/98_geyser_color.png,
99,Crimtane Ore,117,62,64,#753E40,91,48,51,#5B3033,2148,2148.0,1,color_image_path,images/color/99_crimtane_ore_color.png,
100,Silver Brick,129,143,144,#818F90,106,122,124,#6A7A7C,2288,2288.0,1,color_image_path,images/color/100_silver_brick_color.png,
101,Reef Block,151,161,156,#97A19C,112,142,145,#708E91,2152,2152.0,1,color_image_path,images/color/101_reef_block_color.png,
102,Dull Green Team Block,40,134,76,#28864C,28,117,72,#1C7548,2288,2288.0,1,color_image_path,images/color/102_dull_green_team_block_color.png,
103,Ebonsandstone Block,94,78,110,#5E4E6E,88,71,105,#584769,2120,2120.0,1,color_image_path,images/color/103_ebonsandstone_block_color.png,
104,Bamboo,111,115,44,#6F732C,95,103,33,#5F6721,2204,2204.0,1,color_image_path,images/color/104_bamboo_color.png,
105,Moonplate Block,115,120,128,#737880,76,87,96,#4C5760,2288,2288.0,1,color_image_path,images/color/105_moonplate_block_color.png,
106,Boulder,104,104,104,#686868,92,92,92,#5C5C5C,804,804.0,1,color_image_path,images/color/106_boulder_color.png,
107,Obsidian,65,63,113,#413F71,56,53,95,#38355F,2288,2288.0,1,color_image_path,images/color/107_obsidian_color.png,
108,Tungsten Brick,118,144,119,#769077,91,119,92,#5B775C,2288,2288.0,1,color_image_path,images/color/108_tungsten_brick_color.png,
109,Shell Pile,168,145,119,#A89177,159,131,105,#9F8369,2152,2152.0,1,color_image_path,images/color/109_shell_pile_color.png,
110,Dull Blue Team Block,35,82,134,#235286,26,58,116,#1A3A74,2288,2288.0,1,color_image_path,images/color/110_dull_blue_team_block_color.png,
111,Crimsandstone Block,88,75,66,#584B42,81,66,58,#51423A,2120,2120.0,1,color_image_path,images/color/111_crimsandstone_block_color.png,
112,Red Moss,123,108,98,#7B6C62,108,82,74,#6C524A,972,972.0,1,color_image_path,images/color/112_red_moss_color.png,
113,Hive,174,98,19,#AE6213,150,84,16,#965410,2168,2168.0,1,color_image_path,images/color/113_hive_color.png,
114,Beehive,151,139,106,#978B6A,133,117,82,#857552,736,736.0,1,color_image_path,images/color/114_beehive_color.png,
115,Hellstone,128,61,53,#803D35,106,48,43,#6A302B,2156,2156.0,1,color_image_path,images/color/115_hellstone_color.png,
116,Gold Brick,136,121,63,#88793F,110,93,32,#6E5D20,2288,2288.0,1,color_image_path,images/color/116_gold_brick_color.png,
117,Spike Block,90,73,62,#5A493E,74,57,48,#4A3930,2304,2304.0,1,color_image_path,images/color/117_spike_block_color.png,
118,Dull Yellow Team Block,136,102,35,#886623,119,79,27,#774F1B,2288,2288.0,1,color_image_path,images/color/118_dull_yellow_team_block_color.png,
119,Pearlsandstone,154,122,159,#9A7A9F,141,112,154,#8D709A,2088,2088.0,1,color_image_path,images/color/119_pearlsandstone_color.png,
120,Brown Moss,103,107,76,#676B4C,92,95,57,#5C5F39,940,940.0,1,color_image_path,images/color/120_brown_moss_color.png,
121,Honey Block,237,172,19,#EDAC13,230,162,17,#E6A211,2272,2272.0,1,color_image_path,images/color/121_honey_block_color.png,
122,Rolling Cactus,118,125,61,#767D3D,90,112,49,#5A7031,816,816.0,1,color_image_path,images/color/122_rolling_cactus_color.png,
123,Cobalt Ore,45,96,134,#2D6086,21,71,111,#15476F,2148,2148.0,1,color_image_path,images/color/123_cobalt_ore_color.png,
124,Platinum brick,149,162,177,#95A2B1,126,137,156,#7E899C,2256,2256.0,1,color_image_path,images/color/124_platinum_brick_color.png,
125,Slime Block,52,110,226,#346EE2,50,106,220,#326ADC,2272,2272.0,1,color_image_path,images/color/125_slime_block_color.png,
126,Dull Pink Team Block,98,34,134,#622286,77,26,117,#4D1A75,2288,2288.0,1,color_image_path,images/color/126_dull_pink_team_block_color.png,
127,Hardened Sand Block,193,165,96,#C1A560,187,155,85,#BB9B55,2116,2116.0,1,color_image_path,images/color/127_hardened_sand_block_color.png,
128,Green Moss,74,104,95,#4A685F,55,93,84,#375D54,864,864.0,1,color_image_path,images/color/128_green_moss_color.png,
129,Crispy Honey Block,92,54,19,#5C3613,86,49,16,#563110,2140,2140.0,1,color_image_path,images/color/129_crispy_honey_block_color.png,
130,Antlion Eggs,142,127,99,#8E7F63,128,112,81,#807051,580,580.0,1,color_image_path,images/color/130_antlion_eggs_color.png,
131,Palladium Ore,181,88,63,#B5583F,158,62,38,#9E3E26,2148,2148.0,1,color_image_path,images/color/131_palladium_ore_color.png,
132,Ebonstone Brick,105,113,152,#697198,92,99,137,#5C6389,2288,2288.0,1,color_image_path,images/color/132_ebonstone_brick_color.png,
133,Pink Slime Block,230,84,174,#E654AE,227,72,168,#E348A8,2272,2272.0,1,color_image_path,images/color/133_pink_slime_block_color.png,
134,Dull White Team Block,112,112,131,#707083,91,95,113,#5B5F71,2288,2288.0,1,color_image_path,images/color/134_dull_white_team_block_color.png,
135,Hardened Ebonsand Block,105,91,123,#695B7B,98,82,116,#625274,2108,2108.0,1,color_image_path,images/color/135_hardened_ebonsand_block_color.png,
136,Blue Moss,73,90,107,#495A6B,53,78,96,#354E60,972,972.0,1,color_image_path,images/color/136_blue_moss_color.png,
137,Cobweb,181,192,193,#B5C0C1,180,191,192,#B4BFC0,900,900.0,1,color_image_path,images/color/137_cobweb_color.png,
138,Bouncy Boulder,184,91,150,#B85B96,177,71,140,#B1478C,752,731.1215686274493,1,color_image_path,images/color/138_bouncy_boulder_color.png,
139,Mythril Ore,96,149,131,#609583,62,125,119,#3E7D77,2148,2148.0,1,color_image_path,images/color/139_mythril_ore_color.png,
140,Crimstone Brick,161,87,87,#A15757,145,73,73,#914949,2288,2288.0,1,color_image_path,images/color/140_crimstone_brick_color.png,
141,Frozen Slime Block,81,178,200,#51B2C8,69,170,194,#45AAC2,2272,2272.0,1,color_image_path,images/color/141_frozen_slime_block_color.png,
142,Jellyfish Block,103,130,216,#6782D8,91,122,211,#5B7AD3,8656,17312.0,4,color_image_path,images/color/142_jellyfish_block_color.gif,
143,Hardened Crimsand Block,85,77,70,#554D46,79,66,63,#4F423F,2120,2120.0,1,color_image_path,images/color/143_hardened_crimsand_block_color.png,
144,Purple Moss,97,76,103,#614C67,84,57,92,#54395C,968,909.3333333333336,1,color_image_path,images/color/144_purple_moss_color.png,
145,Aetherium Block,204,201,207,#CCC9CF,189,195,202,#BDC3CA,2124,2124.0,1,color_image_path,images/color/145_aetherium_block_color.png,
146,Life Crystal Boulder,147,70,92,#93465C,124,44,72,#7C2C48,8008,8008.0,11,color_image_path,images/color/146_life_crystal_boulder_color.gif,
147,Orichalcum Ore,160,67,148,#A04394,139,26,132,#8B1A84,2160,2160.0,1,color_image_path,images/color/147_orichalcum_ore_color.png,
148,Demonite Brick,85,83,128,#555380,70,70,109,#46466D,2288,2288.0,1,color_image_path,images/color/148_demonite_brick_color.png,
149,Red Stucco,211,124,111,#D37C6F,196,113,101,#C47165,2288,2288.0,1,color_image_path,images/color/149_red_stucco_color.png,
150,Anti-Portal Block,95,86,81,#5F5651,84,74,68,#544A44,2304,2304.0,1,color_image_path,images/color/150_anti_portal_block_color.png,
151,Hardened Pearlsand Block,176,159,179,#B09FB3,165,149,174,#A595AE,2096,2096.0,1,color_image_path,images/color/151_hardened_pearlsand_block_color.png,
152,Lava Moss,193,110,75,#C16E4B,178,92,51,#B25C33,1044,1044.0,1,color_image_path,images/color/152_lava_moss_color.png,
153,Poo,105,56,40,#693828,101,52,40,#653428,2112,2112.0,1,color_image_path,images/color/153_poo_color.png,
154,Rainbow Boulder,135,136,137,#878889,112,113,114,#707172,38196,18100.178823530292,30,color_image_path,images/color/154_rainbow_boulder_color.png,
155,Adamantite Ore,125,51,82,#7D3352,100,38,64,#642640,2148,2148.0,1,color_image_path,images/color/155_adamantite_ore_color.png,
156,Crimtane Brick,119,62,67,#773E43,92,51,57,#5C3339,2288,2288.0,1,color_image_path,images/color/156_crimtane_brick_color.png,
157,Yellow Stucco,182,171,97,#B6AB61,169,158,86,#A99E56,2288,2288.0,1,color_image_path,images/color/157_yellow_stucco_color.png,
158,Cog,89,88,84,#595854,74,72,71,#4A4847,4576,7779.199999999426,2,color_image_path,images/color/158_cog_color.gif,
159,Desert Fossil,138,94,58,#8A5E3A,130,82,52,#825234,2120,2120.0,1,color_image_path,images/color/159_desert_fossil_color.png,
160,Krypton Moss,109,184,87,#6DB857,82,169,68,#52A944,888,888.0,1,color_image_path,images/color/160_krypton_moss_color.png,
161,Poo Boulder,104,55,40,#683728,101,52,39,#653427,804,804.0,1,color_image_path,images/color/161_poo_boulder_color.png,
162,Titanium Ore,103,108,122,#676C7A,67,79,94,#434F5E,2116,2116.0,1,color_image_path,images/color/162_titanium_ore_color.png,
163,Meteorite Brick,140,103,126,#8C677E,119,78,95,#774E5F,2288,2288.0,1,color_image_path,images/color/163_meteorite_brick_color.png,
164,Green Stucco,110,155,120,#6E9B78,93,142,111,#5D8E6F,2288,2288.0,1,color_image_path,images/color/164_green_stucco_color.png,
165,Silly Pink Balloon,218,49,120,#DA3178,209,29,112,#D11D70,1936,1936.0,1,color_image_path,images/color/165_silly_pink_balloon_color.png,
166,Clay Block,148,85,75,#94554B,139,79,69,#8B4F45,2116,2116.0,1,color_image_path,images/color/166_clay_block_color.png,
167,Xenon Moss,68,173,198,#44ADC6,40,147,181,#2893B5,888,888.0,1,color_image_path,images/color/167_xenon_moss_color.png,
168,Lava Boulder,111,56,43,#6F382B,72,44,39,#482C27,804,804.0,1,color_image_path,images/color/168_lava_boulder_color.png,
169,Chlorophyte Ore,84,135,52,#548734,51,109,41,#336D29,2176,2176.0,1,color_image_path,images/color/169_chlorophyte_ore_color.png,
170,Obsidian Brick,42,40,43,#2A282B,33,34,38,#212226,2244,2244.0,1,color_image_path,images/color/170_obsidian_brick_color.png,
171,Gray Stucco,169,170,159,#A9AA9F,157,158,146,#9D9E92,2288,2288.0,1,color_image_path,images/color/171_gray_stucco_color.png,
172,Silly Green Balloon,19,171,150,#13AB96,5,162,142,#05A28E,1936,1936.0,1,color_image_path,images/color/172_silly_green_balloon_color.png,
173,Mud Block,98,73,78,#62494E,92,68,73,#5C4449,2120,2120.0,1,color_image_path,images/color/173_mud_block_color.png,
174,Argon Moss,187,77,163,#BB4DA3,168,53,150,#A83596,852,852.0,1,color_image_path,images/color/174_argon_moss_color.png,
175,Spider Boulder,96,78,61,#604E3D,80,62,37,#503E25,868,868.0,1,color_image_path,images/color/175_spider_boulder_color.png,
176,Luminite,102,112,103,#667067,77,81,82,#4D5152,2048,2048.0,1,color_image_path,images/color/176_luminite_color.png,
177,Hellstone Brick,135,56,45,#87382D,111,42,38,#6F2A26,2208,2208.0,1,color_image_path,images/color/177_hellstone_brick_color.png,
178,Sandstone Slab,172,159,85,#AC9F55,158,146,77,#9E924D,2288,2288.0,1,color_image_path,images/color/178_sandstone_slab_color.png,
179,Silly Purple Balloon,149,93,232,#955DE8,143,75,229,#8F4BE5,1936,1936.0,1,color_image_path,images/color/179_silly_purple_balloon_color.png,
180,Ash Block,89,78,86,#594E56,79,72,81,#4F4851,2116,2116.0,1,color_image_path,images/color/180_ash_block_color.png,
181,Neon Moss,190,84,216,#BE54D8,172,64,202,#AC40CA,1072,1072.0,1,color_image_path,images/color/181_neon_moss_color.png,
182,Ghoulder,120,120,120,#787878,103,103,103,#676767,804,804.0,1,color_image_path,images/color/182_ghoulder_color.png,
183,Copper Bar,178,108,68,#B26C44,168,99,56,#A86338,2160,2160.0,1,color_image_path,images/color/183_copper_bar_color.png,
184,Pearlstone Brick,174,161,166,#AEA1A6,150,139,149,#968B95,2288,2288.0,1,color_image_path,images/color/184_pearlstone_brick_color.png,
185,Stone Slab,104,104,104,#686868,96,96,96,#606060,2288,2288.0,1,color_image_path,images/color/185_stone_slab_color.png,
186,Echo Block,117,168,177,#75A8B1,66,143,162,#428FA2,1188,938.7137254902,1,color_image_path,images/color/186_echo_block_color.png,
187,Silt Block,101,94,97,#655E61,89,85,88,#595558,2120,2120.0,1,color_image_path,images/color/187_silt_block_color.png,
188,Helium Moss,100,116,115,#647473,71,89,88,#475958,66480,39887.99999995001,60,color_image_path,images/color/188_helium_moss_color.gif,
189,Sharp Spike Block,141,134,127,#8D867F,116,109,102,#746D66,1920,1920.0,1,color_image_path,images/color/189_sharp_spike_block_color.png,
190,Tin Bar,145,137,106,#91896A,128,123,96,#807B60,2160,2160.0,1,color_image_path,images/color/190_tin_bar_color.png,
191,Cobalt Brick,37,114,157,#25729D,23,97,144,#176190,2288,2288.0,1,color_image_path,images/color/191_cobalt_brick_color.png,
192,Toybreaker Brick,174,121,106,#AE796A,168,105,85,#A86955,1824,1824.0,1,color_image_path,images/color/192_toybreaker_brick_color.png,
193,Snow Block,188,210,224,#BCD2E0,171,197,217,#ABC5D9,2112,2112.0,1,color_image_path,images/color/193_snow_block_color.png,
194,Iron Bar,120,101,94,#78655E,111,92,86,#6F5C56,2160,2160.0,1,color_image_path,images/color/194_iron_bar_color.png,
195,Mythril Brick,103,145,116,#679174,63,116,105,#3F7469,2288,2288.0,1,color_image_path,images/color/195_mythril_brick_color.png,
196,Smooth Granite Block,31,31,73,#1F1F49,26,24,58,#1A183A,2288,2288.0,1,color_image_path,images/color/196_smooth_granite_block_color.png,
197,Ice Block,137,182,239,#89B6EF,114,165,236,#72A5EC,2120,2120.0,1,color_image_path,images/color/197_ice_block_color.png,
198,Lead Bar,77,93,104,#4D5D68,69,83,92,#45535C,2160,2160.0,1,color_image_path,images/color/198_lead_bar_color.png,
199,Hallowed Brick,162,138,79,#A28A4F,138,113,52,#8A7134,2288,2288.0,1,color_image_path,images/color/199_hallowed_brick_color.png,
200,Smooth Marble Block,164,174,194,#A4AEC2,152,160,181,#98A0B5,2288,2288.0,1,color_image_path,images/color/200_smooth_marble_block_color.png,
201,Purple Ice Block,150,142,197,#968EC5,138,124,193,#8A7CC1,2124,2124.0,1,color_image_path,images/color/201_purple_ice_block_color.png,
202,Silver Bar,124,131,132,#7C8384,103,110,112,#676E70,2160,2160.0,1,color_image_path,images/color/202_silver_bar_color.png,
203,Chlorophyte Brick,73,121,52,#497934,40,93,43,#285D2B,2272,2272.0,1,color_image_path,images/color/203_chlorophyte_brick_color.png,
204,Smooth Sandstone,188,122,75,#BC7A4B,183,116,72,#B77448,2288,2288.0,1,color_image_path,images/color/204_smooth_sandstone_color.png,
205,Red Ice Block,206,157,155,#CE9D9B,201,138,135,#C98A87,2124,2124.0,1,color_image_path,images/color/205_red_ice_block_color.png,
206,Tungsten Bar,118,141,119,#768D77,94,115,94,#5E735E,2160,2160.0,1,color_image_path,images/color/206_tungsten_bar_color.png,
207,Luminite Brick,95,122,105,#5F7A69,77,90,81,#4D5A51,2232,2232.0,1,color_image_path,images/color/207_luminite_brick_color.png,
208,Fallen Star Block,184,165,69,#B8A545,171,149,37,#AB9525,2288,2288.0,1,color_image_path,images/color/208_fallen_star_block_color.png,
209,Pink Ice Block,200,154,183,#C89AB7,194,137,175,#C289AF,2124,2123.5294117647063,1,color_image_path,images/color/209_pink_ice_block_color.png,
210,Gold Bar,155,134,49,#9B8631,144,120,31,#90781F,2160,2160.0,1,color_image_path,images/color/210_gold_bar_color.png,
211,Heavenforge Brick,158,164,177,#9EA4B1,141,146,162,#8D92A2,2232,2232.0,1,color_image_path,images/color/211_heavenforge_brick_color.png,
212,Harpy Block,69,111,159,#456F9F,41,92,142,#295C8E,2156,2156.0,1,color_image_path,images/color/212_harpy_block_color.png,
213,Slush Block,132,154,157,#849A9D,122,144,148,#7A9094,2116,2116.0,1,color_image_path,images/color/213_slush_block_color.png,
214,Platinum Bar,139,154,177,#8B9AB1,127,139,168,#7F8BA8,2160,2160.0,1,color_image_path,images/color/214_platinum_bar_color.png,
215,Lunar Rust Brick,102,108,115,#666C73,83,77,87,#534D57,2232,2232.0,1,color_image_path,images/color/215_lunar_rust_brick_color.png,
216,Forbidden Block,187,161,59,#BBA13B,172,138,36,#AC8A24,2288,2288.0,1,color_image_path,images/color/216_forbidden_block_color.png,
217,Demonite Bar,93,82,147,#5D5293,82,74,132,#524A84,2160,2160.0,1,color_image_path,images/color/217_demonite_bar_color.png,
218,Astra Brick,59,111,132,#3B6F84,41,72,105,#294869,2232,2232.0,1,color_image_path,images/color/218_astra_brick_color.png,
219,Aquarium Block,97,124,148,#617C94,63,95,127,#3F5F7F,18368,18744.978823530942,8,color_image_path,images/color/219_aquarium_block_color.png,
220,Crimtane Bar,147,91,92,#935B5C,126,75,76,#7E4B4C,2160,2160.0,1,color_image_path,images/color/220_crimtane_bar_color.png,
221,Dark Celestial Brick,86,96,119,#566077,61,69,106,#3D456A,2232,2232.0,1,color_image_path,images/color/221_dark_celestial_brick_color.png,
222,Boulder Block,99,99,99,#636363,86,86,86,#565656,1900,1900.0,1,color_image_path,images/color/222_boulder_block_color.png,
223,Meteorite Bar,112,80,82,#705052,104,70,76,#68464C,2160,2160.0,1,color_image_path,images/color/223_meteorite_bar_color.png,
224,Mercury Brick,100,112,114,#647072,76,86,92,#4C565C,2232,2232.0,1,color_image_path,images/color/224_mercury_brick_color.png,
225,Copper Plating,153,74,24,#994A18,140,67,21,#8C4315,2288,2288.0,1,color_image_path,images/color/225_copper_plating_color.png,
226,Hellstone Bar,145,84,74,#91544A,124,71,65,#7C4741,2160,2160.0,1,color_image_path,images/color/226_hellstone_bar_color.png,
227,Star Royale Brick,88,95,140,#585F8C,50,57,115,#323973,2232,2232.0,1,color_image_path,images/color/227_star_royale_brick_color.png,
228,Tin Plating,131,123,95,#837B5F,116,111,84,#746F54,2288,2288.0,1,color_image_path,images/color/228_tin_plating_color.png,
229,Cobalt Bar,31,99,151,#1F6397,9,79,135,#094F87,2160,2160.0,1,color_image_path,images/color/229_cobalt_bar_color.png,
230,Cryocore Brick,59,114,123,#3B727B,37,89,102,#255966,2232,2232.0,1,color_image_path,images/color/230_cryocore_brick_color.png,
231,Palladium Column,187,79,41,#BB4F29,173,65,35,#AD4123,2080,2080.0,1,color_image_path,images/color/231_palladium_column_color.png,
232,Palladium Bar,199,96,68,#C76044,185,78,48,#B94E30,2160,2160.0,1,color_image_path,images/color/232_palladium_bar_color.png,
233,Cosmic Ember Brick,123,95,80,#7B5F50,83,74,66,#534A42,2232,2232.0,1,color_image_path,images/color/233_cosmic_ember_brick_color.png,
234,Bubblegum Block,176,72,168,#B048A8,163,47,159,#A32F9F,2136,2136.0,1,color_image_path,images/color/234_bubblegum_block_color.png,
235,Mythril Bar,87,148,137,#579489,60,129,126,#3C817E,2160,2160.0,1,color_image_path,images/color/235_mythril_bar_color.png,
236,Rainbow Brick,115,115,114,#737372,74,73,71,#4A4947,100672,80537.60000015274,44,color_image_path,images/color/236_rainbow_brick_color.gif,
237,Adamantite Beam,130,85,103,#825567,111,54,77,#6F364D,2288,2288.0,1,color_image_path,images/color/237_adamantite_beam_color.png,
238,Orichalcum Bar,173,60,171,#AD3CAB,158,39,156,#9E279C,2160,2160.0,1,color_image_path,images/color/238_orichalcum_bar_color.png,
239,Aetherium Brick,201,205,217,#C9CDD9,188,198,213,#BCC6D5,2288,2288.0,1,color_image_path,images/color/239_aetherium_brick_color.png,
240,Titanstone Block,67,66,76,#43424C,54,55,64,#363740,2296,2296.0,1,color_image_path,images/color/240_titanstone_block_color.png,
241,Adamantite Bar,171,83,88,#AB5358,152,49,67,#983143,2160,2160.0,1,color_image_path,images/color/241_adamantite_bar_color.png,
242,Lava Moss Brick,197,82,23,#C55217,182,60,15,#B63C0F,2304,2304.0,1,color_image_path,images/color/242_lava_moss_brick_color.png,
243,Shroomite Plating,55,76,186,#374CBA,45,46,168,#2D2EA8,2288,2288.0,1,color_image_path,images/color/243_shroomite_plating_color.png,
244,Titanium Bar,129,130,151,#818297,104,113,132,#687184,2160,2160.0,1,color_image_path,images/color/244_titanium_bar_color.png,
245,Krypton Moss Brick,98,178,83,#62B253,59,162,66,#3BA242,2304,2304.0,1,color_image_path,images/color/245_krypton_moss_brick_color.png,
246,Amethyst Gemspark Block,176,62,211,#B03ED3,157,53,193,#9D35C1,2304,2304.0,1,color_image_path,images/color/246_amethyst_gemspark_block_color.png,
247,Hallowed Bar,158,145,120,#9E9178,138,128,89,#8A8059,2160,2160.0,1,color_image_path,images/color/247_hallowed_bar_color.png,
248,Xenon Moss Brick,81,163,180,#51A3B4,40,132,166,#2884A6,2304,2304.0,1,color_image_path,images/color/248_xenon_moss_brick_color.png,
249,Topaz Gemspark Block,208,205,62,#D0CD3E,189,183,53,#BDB735,2304,2304.0,1,color_image_path,images/color/249_topaz_gemspark_block_color.png,
250,Chlorophyte Bar,110,142,43,#6E8E2B,85,125,33,#557D21,2160,2160.0,1,color_image_path,images/color/250_chlorophyte_bar_color.png,
251,Argon Moss Brick,182,74,131,#B64A83,166,37,119,#A62577,2304,2304.0,1,color_image_path,images/color/251_argon_moss_brick_color.png,
252,Sapphire Gemspark Block,62,90,211,#3E5AD3,53,79,193,#354FC1,2304,2304.0,1,color_image_path,images/color/252_sapphire_gemspark_block_color.png,
253,Shroomite Bar,63,91,205,#3F5BCD,53,61,190,#353DBE,2160,2160.0,1,color_image_path,images/color/253_shroomite_bar_color.png,
254,Neon Moss Brick,140,57,149,#8C3995,115,36,134,#732486,2304,2304.0,1,color_image_path,images/color/254_neon_moss_brick_color.png,
255,Emerald Gemspark Block,69,211,69,#45D345,59,193,60,#3BC13C,2304,2304.0,1,color_image_path,images/color/255_emerald_gemspark_block_color.png,
256,Spectre Bar,114,187,246,#72BBF6,68,175,246,#44AFF6,2160,2160.0,1,color_image_path,images/color/256_spectre_bar_color.png,
257,Helium Moss Brick,75,75,74,#4B4B4A,61,61,60,#3D3D3C,124416,74649.59999997621,54,color_image_path,images/color/257_helium_moss_brick_color.gif,
258,Ruby Gemspark Block,211,62,71,#D33E47,193,53,63,#C1353F,2304,2304.0,1,color_image_path,images/color/258_ruby_gemspark_block_color.png,
259,Luminite Bar,128,148,134,#809486,100,117,107,#64756B,2160,2160.0,1,color_image_path,images/color/259_luminite_bar_color.png,
260,Blue Brick,68,81,96,#445160,58,67,83,#3A4353,2264,2264.0,1,color_image_path,images/color/260_blue_brick_color.png,
261,Diamond Gemspark Block,198,199,209,#C6C7D1,176,178,192,#B0B2C0,2304,2304.0,1,color_image_path,images/color/261_diamond_gemspark_block_color.png,
262,Green Brick,78,98,83,#4E6253,67,84,75,#43544B,2240,2240.0,1,color_image_path,images/color/262_green_brick_color.png,
263,Amber Gemspark Block,211,111,61,#D36F3D,193,96,53,#C16035,2304,2304.0,1,color_image_path,images/color/263_amber_gemspark_block_color.png,
264,Amethyst Stone Block,117,105,126,#75697E,99,86,106,#63566A,2160,2160.0,1,color_image_path,images/color/264_amethyst_stone_block_color.png,
265,Pink Brick,122,66,96,#7A4260,106,54,82,#6A3652,2224,2224.0,1,color_image_path,images/color/265_pink_brick_color.png,
266,Spider Nest Block,146,119,109,#92776D,130,98,84,#826254,2088,2088.0,1,color_image_path,images/color/266_spider_nest_block_color.png,
267,Gothic Brick,42,50,43,#2A322B,33,39,34,#212722,2008,2008.0,1,color_image_path,images/color/267_gothic_brick_color.png,
268,Solar Fragment Block,197,121,65,#C57941,180,79,27,#B44F1B,2184,2184.0,1,color_image_path,images/color/268_solar_fragment_block_color.png,
269,Topaz Stone Block,124,115,98,#7C7362,105,96,80,#696050,2156,2156.0,1,color_image_path,images/color/269_topaz_stone_block_color.png,
270,Cracked Blue Brick,62,74,89,#3E4A59,52,60,75,#343C4B,2188,2188.0,1,color_image_path,images/color/270_cracked_blue_brick_color.png,
271,Nebula Fragment Block,149,96,187,#9560BB,107,81,175,#6B51AF,2148,2131.200000000003,1,color_image_path,images/color/271_nebula_fragment_block_color.png,
272,Cracked Green Brick,72,92,78,#485C4E,59,74,68,#3B4A44,2192,2192.0,1,color_image_path,images/color/272_cracked_green_brick_color.png,
273,Stardust Fragment Block,116,136,191,#7488BF,69,106,173,#456AAD,2152,2152.0,1,color_image_path,images/color/273_stardust_fragment_block_color.png,
274,Sapphire Stone Block,104,113,134,#687186,87,96,112,#576070,2168,2168.0,1,color_image_path,images/color/274_sapphire_stone_block_color.png,
275,Cracked Pink Brick,111,58,86,#6F3A56,97,48,74,#61304A,2204,2204.0,1,color_image_path,images/color/275_cracked_pink_brick_color.png,
276,Vortex Fragment Block,82,161,145,#52A191,28,136,133,#1C8885,2156,2156.0,1,color_image_path,images/color/276_vortex_fragment_block_color.png,
277,Lihzahrd Brick,97,59,24,#613B18,78,43,22,#4E2B16,2280,2280.0,1,color_image_path,images/color/277_lihzahrd_brick_color.png,
278,Glass,120,155,166,#789BA6,81,114,131,#517283,776,776.0,1,color_image_path,images/color/278_glass_color.png,
279,Emerald Stone Block,100,124,108,#647C6C,82,105,91,#52695B,2168,2168.0,1,color_image_path,images/color/279_emerald_stone_block_color.png,
280,Solar Brick,175,101,52,#AF6534,157,77,46,#9D4D2E,2224,2224.0,1,color_image_path,images/color/280_solar_brick_color.png,
281,Blue Starry Block,62,84,98,#3E5462,28,38,62,#1C263E,36864,55296.0,16,color_image_path,images/color/281_blue_starry_block_color.gif,
282,Nebula Brick,143,134,184,#8F86B8,116,114,173,#7472AD,2220,2220.0,1,color_image_path,images/color/282_nebula_brick_color.png,
283,Confetti Block,135,159,163,#879FA3,94,122,130,#5E7A82,8152,8152.0,8,color_image_path,images/color/283_confetti_block_color.gif,
284,Ruby Stone Block,131,102,106,#83666A,108,85,90,#6C555A,2160,2160.0,1,color_image_path,images/color/284_ruby_stone_block_color.png,
285,Stardust Brick,149,141,158,#958D9E,110,119,127,#6E777F,2220,2220.0,1,color_image_path,images/color/285_stardust_brick_color.png,
286,Gold Starry Block,71,86,93,#47565D,33,37,55,#212537,36864,55296.0,16,color_image_path,images/color/286_gold_starry_block_color.gif,
287,Vortex Brick,93,136,124,#5D887C,74,116,110,#4A746E,2224,2224.0,1,color_image_path,images/color/287_vortex_brick_color.png,
288,Midnight Confetti Block,92,109,112,#5C6D70,42,54,57,#2A3639,18432,18432.0,8,color_image_path,images/color/288_midnight_confetti_block_color.gif,
289,Diamond Stone Block,106,123,126,#6A7B7E,88,103,107,#58676B,2160,2160.0,1,color_image_path,images/color/289_diamond_stone_block_color.png,
290,Ancient Copper Brick,150,99,78,#96634E,120,74,49,#784A31,2288,2288.0,1,color_image_path,images/color/290_ancient_copper_brick_color.png,
291,Waterfall Block,80,114,190,#5072BE,48,92,176,#305CB0,18432,12902.400000003394,8,color_image_path,images/color/291_waterfall_block_color.gif,
292,Ancient Silver Brick,125,134,135,#7D8687,90,99,101,#5A6365,2288,2288.0,1,color_image_path,images/color/292_ancient_silver_brick_color.png,
293,Lavafall Block,221,96,88,#DD6058,196,68,38,#C44426,18432,27648.0,8,color_image_path,images/color/293_lavafall_block_color.gif,
294,Amber Stone Block,133,113,98,#857162,111,95,78,#6F5F4E,2160,2160.0,1,color_image_path,images/color/294_amber_stone_block_color.png,
295,Ancient Gold Brick,148,135,78,#94874E,116,104,51,#746833,2288,2288.0,1,color_image_path,images/color/295_ancient_gold_brick_color.png,
296,Honeyfall Block,223,164,89,#DFA459,198,149,47,#C6952F,18432,27648.0,8,color_image_path,images/color/296_honeyfall_block_color.gif,
297,Ancient Obsidian Brick,71,68,117,#474475,58,55,88,#3A3758,2288,2288.0,1,color_image_path,images/color/297_ancient_obsidian_brick_color.png,
298,Shimmerfall Block,153,142,220,#998EDC,138,126,204,#8A7ECC,18432,29491.199999990706,8,color_image_path,images/color/298_shimmerfall_block_color.gif,
299,Ancient Hellstone Brick,127,71,64,#7F4740,97,56,52,#613834,2288,2288.0,1,color_image_path,images/color/299_ancient_hellstone_brick_color.png,
300,Sandfall Block,150,151,109,#96976D,133,136,89,#858859,18432,36864.0,8,color_image_path,images/color/300_sandfall_block_color.gif,
301,Ancient Cobalt Brick,39,93,126,#275D7E,28,71,97,#1C4761,2288,2288.0,1,color_image_path,images/color/301_ancient_cobalt_brick_color.png,
302,Snowfall Block,125,157,170,#7D9DAA,87,119,137,#577789,6636,10617.600000001317,8,color_image_path,images/color/302_snowfall_block_color.gif,
303,Ancient Mythril Brick,117,136,108,#75886C,83,101,72,#536548,2288,2288.0,1,color_image_path,images/color/303_ancient_mythril_brick_color.png,
304,Ancient Blue Brick,79,80,149,#4F5095,66,67,127,#42437F,2288,2288.0,1,color_image_path,images/color/304_ancient_blue_brick_color.png,
305,Ancient Green Brick,70,124,49,#467C31,51,103,42,#33672A,2288,2288.0,1,color_image_path,images/color/305_ancient_green_brick_color.png,
306,Ancient Pink Brick,121,50,87,#793257,100,40,77,#64284D,2288,2288.0,1,color_image_path,images/color/306_ancient_pink_brick_color.png,
307,Dirt Wall,88,63,50,#583F32,87,63,50,#573F32,3752,3752.0,1,color_image_path,images/walls/color/307_dirt_wall_color.png,
308,Blue Brick Wall,43,46,62,#2B2E3E,37,39,54,#252736,4072,4072.0,1,color_image_path,images/walls/color/308_blue_brick_wall_color.png,
309,Wood Wall,68,49,36,#443124,64,46,34,#402E22,4008,4008.0,1,color_image_path,images/walls/color/309_wood_wall_color.png,
310,Stone Wall,49,49,49,#313131,45,45,45,#2D2D2D,3840,3840.0,1,color_image_path,images/walls/color/310_stone_wall_color.png,
311,Stone Slab Wall,64,64,64,#404040,60,60,60,#3C3C3C,4080,4080.0,1,color_image_path,images/walls/color/311_stone_slab_wall_color.png,
312,Amethyst Gemspark Wall,160,53,216,#A035D8,146,48,197,#9230C5,4096,4096.0,1,color_image_path,images/walls/color/312_amethyst_gemspark_wall_color.png,
313,Glass Wall,72,126,146,#487E92,61,111,135,#3D6F87,4096,1749.1450980391012,1,color_image_path,images/walls/color/313_glass_wall_color.png,
314,Copper Brick Wall,92,51,22,#5C3316,84,44,17,#542C11,3980,3980.0,1,color_image_path,images/walls/color/314_copper_brick_wall_color.png,
315,Christmas Tree Wallpaper,69,35,25,#452319,55,33,24,#372118,4080,4080.0,1,color_image_path,images/walls/color/315_christmas_tree_wallpaper_color.png,
316,Natural Dirt Wall,90,62,48,#5A3E30,89,62,48,#593E30,3724,3724.0,1,color_image_path,images/walls/color/316_natural_dirt_wall_color.png,
317,Rocky Dirt Wall,88,62,48,#583E30,88,61,47,#583D2F,3752,3752.0,1,color_image_path,images/walls/color/317_rocky_dirt_wall_color.png,
318,Blue Slab Wall,32,42,50,#202A32,28,36,44,#1C242C,4080,4080.0,1,color_image_path,images/walls/color/318_blue_slab_wall_color.png,
319,Rich Mahogany Wall,66,27,29,#421B1D,57,24,25,#391819,3904,3904.0,1,color_image_path,images/walls/color/319_rich_mahogany_wall_color.png,
320,Old Stone Wall,59,45,33,#3B2D21,52,38,27,#34261B,3828,3828.0,1,color_image_path,images/walls/color/320_old_stone_wall_color.png,
321,Red Brick Wall,72,43,40,#482B28,65,40,37,#412825,4080,4080.0,1,color_image_path,images/walls/color/321_red_brick_wall_color.png,
322,Topaz Gemspark Wall,204,211,52,#CCD334,187,191,48,#BBBF30,4096,4096.0,1,color_image_path,images/walls/color/322_topaz_gemspark_wall_color.png,
323,Candy Cane Wall,114,77,81,#724D51,107,52,64,#6B3440,4080,4080.0,1,color_image_path,images/walls/color/323_candy_cane_wall_color.png,
324,Copper Plating Wall,105,53,19,#693513,99,49,17,#633111,4080,4080.0,1,color_image_path,images/walls/color/324_copper_plating_wall_color.png,
325,Ornament Wallpaper,108,99,84,#6C6354,102,92,67,#665C43,4080,4080.0,1,color_image_path,images/walls/color/325_ornament_wallpaper_color.png,
326,Overgrown Living Wood Wall,58,35,24,#3A2318,53,33,22,#352116,3980,3980.0,1,color_image_path,images/walls/color/326_overgrown_living_wood_wall_color.png,
327,Cave Dirt Wall,83,60,41,#533C29,79,56,36,#4F3824,3676,3676.0,1,color_image_path,images/walls/color/327_cave_dirt_wall_color.png,
328,Blue Tiled Wall,48,46,57,#302E39,41,40,50,#292832,4080,4080.0,1,color_image_path,images/walls/color/328_blue_tiled_wall_color.png,
329,Boreal Wood Wall,71,60,53,#473C35,68,56,50,#443832,4096,4096.0,1,color_image_path,images/walls/color/329_boreal_wood_wall_color.png,
330,Craggy Stone Wall,59,59,59,#3B3B3B,54,54,54,#363636,3132,3132.0,1,color_image_path,images/walls/color/330_craggy_stone_wall_color.png,
331,Gray Brick Wall,55,55,55,#373737,50,50,50,#323232,4080,4080.0,1,color_image_path,images/walls/color/331_gray_brick_wall_color.png,
332,Sapphire Gemspark Wall,52,74,215,#344AD7,48,68,197,#3044C5,4096,4096.0,1,color_image_path,images/walls/color/332_sapphire_gemspark_wall_color.png,
333,Green Candy Cane Wall,71,115,84,#477354,51,109,73,#336D49,4080,4080.0,1,color_image_path,images/walls/color/333_green_candy_cane_wall_color.png,
334,Tin Brick Wall,67,65,60,#43413C,57,56,50,#393832,4080,4080.0,1,color_image_path,images/walls/color/334_tin_brick_wall_color.png,
335,Candy Cane Wallpaper,53,49,39,#353127,39,42,28,#272A1C,4080,4080.0,1,color_image_path,images/walls/color/335_candy_cane_wallpaper_color.png,
336,Treacherous Hardened Sand Wall,147,94,52,#935E34,142,89,50,#8E5932,3708,3708.0,1,color_image_path,images/walls/color/336_treacherous_hardened_sand_wall_color.png,
337,Rough Dirt Wall,72,51,32,#483320,70,48,30,#46301E,3808,3808.0,1,color_image_path,images/walls/color/337_rough_dirt_wall_color.png,
338,Pink Brick Wall,78,49,74,#4E314A,66,40,61,#42283D,4056,4056.0,1,color_image_path,images/walls/color/338_pink_brick_wall_color.png,
339,Bamboo Wall,31,58,13,#1F3A0D,26,52,11,#1A340B,4012,4012.0,1,color_image_path,images/walls/color/339_bamboo_wall_color.png,
340,Lichen Stone Wall,70,62,51,#463E33,68,58,47,#443A2F,3764,3764.0,1,color_image_path,images/walls/color/340_lichen_stone_wall_color.png,
341,Snow Brick Wall,88,95,103,#585F67,83,92,101,#535C65,4080,4080.0,1,color_image_path,images/walls/color/341_snow_brick_wall_color.png,
342,Emerald Gemspark Wall,57,216,59,#39D83B,52,197,54,#34C536,4096,4096.0,1,color_image_path,images/walls/color/342_emerald_gemspark_wall_color.png,
343,Pine Tree Wall,8,41,35,#082923,7,35,32,#072320,3808,3808.0,1,color_image_path,images/walls/color/343_pine_tree_wall_color.png,
344,Tin Plating Wall,70,68,52,#464434,65,65,49,#414131,4080,4080.0,1,color_image_path,images/walls/color/344_tin_plating_wall_color.png,
345,Festive Wallpaper,61,48,39,#3D3027,48,43,33,#302B21,4080,4080.0,1,color_image_path,images/walls/color/345_festive_wallpaper_color.png,
346,Layered Dirt Wall,99,71,55,#634737,97,69,53,#614535,3716,3716.0,1,color_image_path,images/walls/color/346_layered_dirt_wall_color.png,
347,Pink Slab Wall,71,47,75,#472F4B,61,39,62,#3D273E,4080,4080.0,1,color_image_path,images/walls/color/347_pink_slab_wall_color.png,
348,Large Bamboo Wall,36,61,21,#243D15,27,54,15,#1B360F,4044,4044.0,1,color_image_path,images/walls/color/348_large_bamboo_wall_color.png,
349,Ivy Stone Wall,59,64,53,#3B4035,48,59,46,#303B2E,3728,3728.0,1,color_image_path,images/walls/color/349_ivy_stone_wall_color.png,
350,Ice Brick Wall,87,105,126,#57697E,71,98,124,#47627C,4080,4080.0,1,color_image_path,images/walls/color/350_ice_brick_wall_color.png,
351,Ruby Gemspark Wall,215,52,58,#D7343A,197,48,53,#C53035,4096,4096.0,1,color_image_path,images/walls/color/351_ruby_gemspark_wall_color.png,
352,Gray Stucco Wall,86,86,82,#565652,83,84,79,#53544F,4080,4080.0,1,color_image_path,images/walls/color/352_gray_stucco_wall_color.png,
353,Iron Brick Wall,67,56,52,#433834,61,51,48,#3D3330,4080,4080.0,1,color_image_path,images/walls/color/353_iron_brick_wall_color.png,
354,Stars Wallpaper,49,56,78,#31384E,32,46,74,#202E4A,4080,4080.0,1,color_image_path,images/walls/color/354_stars_wallpaper_color.png,
355,Crumbling Dirt Wall,100,72,56,#644838,97,69,54,#614536,3700,3700.0,1,color_image_path,images/walls/color/355_crumbling_dirt_wall_color.png,
356,Pink Tiled Wall,80,50,70,#503246,69,42,59,#452A3B,4080,4080.0,1,color_image_path,images/walls/color/356_pink_tiled_wall_color.png,
357,Palm Wood Wall,103,76,38,#674C26,98,72,36,#624824,4080,4080.0,1,color_image_path,images/walls/color/357_palm_wood_wall_color.png,
358,Worn Stone Wall,68,67,60,#44433C,63,63,55,#3F3F37,3720,3720.0,1,color_image_path,images/walls/color/358_worn_stone_wall_color.png,
359,Rainbow Brick Wall,26,26,28,#1A1A1C,17,16,20,#111014,224400,112200.0,55,color_image_path,images/walls/color/359_rainbow_brick_wall_color.gif,
360,Diamond Gemspark Wall,187,188,202,#BBBCCA,170,171,186,#AAABBA,4096,4096.0,1,color_image_path,images/walls/color/360_diamond_gemspark_wall_color.png,
361,Red Stucco Wall,120,68,61,#78443D,117,64,57,#754039,4080,4080.0,1,color_image_path,images/walls/color/361_red_stucco_wall_color.png,
362,Iron Fence,101,101,101,#656565,83,83,83,#535353,1920,1920.0,1,color_image_path,images/walls/color/362_iron_fence_color.png,
363,Squiggles Wallpaper,178,163,142,#B2A38E,171,152,122,#AB987A,4080,4080.0,1,color_image_path,images/walls/color/363_squiggles_wallpaper_color.png,
364,Cracked Dirt Wall,94,66,51,#5E4233,92,65,50,#5C4132,3700,3700.0,1,color_image_path,images/walls/color/364_cracked_dirt_wall_color.png,
365,Green Brick Wall,52,65,63,#34413F,45,55,57,#2D3739,4072,4072.0,1,color_image_path,images/walls/color/365_green_brick_wall_color.png,
366,Ash Wood Wall,61,55,64,#3D3740,56,51,62,#38333E,4032,4032.0,1,color_image_path,images/walls/color/366_ash_wood_wall_color.png,
367,Stalactite Stone Wall,55,58,55,#373A37,49,53,51,#313533,3716,3716.0,1,color_image_path,images/walls/color/367_stalactite_stone_wall_color.png,
368,Sandstone Brick Wall,87,83,59,#57533B,81,78,54,#514E36,4080,4080.0,1,color_image_path,images/walls/color/368_sandstone_brick_wall_color.png,
369,Amber Gemspark Wall,215,96,52,#D76034,197,87,48,#C55730,4096,4096.0,1,color_image_path,images/walls/color/369_amber_gemspark_wall_color.png,
370,Yellow Stucco Wall,87,83,55,#575337,85,80,52,#555034,4080,4080.0,1,color_image_path,images/walls/color/370_yellow_stucco_wall_color.png,
371,Wrought Iron Fence,73,73,73,#494949,61,61,61,#3D3D3D,2020,2020.0,1,color_image_path,images/walls/color/371_wrought_iron_fence_color.png,
372,Snowflake Wallpaper,104,112,139,#68708B,101,108,137,#656C89,4080,4080.0,1,color_image_path,images/walls/color/372_snowflake_wallpaper_color.png,
373,Wavy Dirt Wall,105,75,58,#694B3A,103,73,57,#674939,3708,3708.0,1,color_image_path,images/walls/color/373_wavy_dirt_wall_color.png,
374,Green Slab Wall,54,66,59,#36423B,46,57,54,#2E3936,4080,4080.0,1,color_image_path,images/walls/color/374_green_slab_wall_color.png,
375,Ebonwood Wall,57,54,64,#393640,54,51,61,#36333D,4000,4000.0,1,color_image_path,images/walls/color/375_ebonwood_wall_color.png,
376,Mottled Stone Wall,69,58,59,#453A3B,65,53,55,#413537,3896,3896.0,1,color_image_path,images/walls/color/376_mottled_stone_wall_color.png,
377,Ebonstone Brick Wall,56,60,81,#383C51,48,53,73,#303549,4080,4080.0,1,color_image_path,images/walls/color/377_ebonstone_brick_wall_color.png,
378,Offline Amethyst Gemspark Wall,79,38,116,#4F2674,75,34,109,#4B226D,4096,4096.0,1,color_image_path,images/walls/color/378_offline_amethyst_gemspark_wall_color.png,
379,Green Stucco Wall,61,87,68,#3D5744,53,82,63,#35523F,4080,4080.0,1,color_image_path,images/walls/color/379_green_stucco_wall_color.png,
380,Lead Brick Wall,34,42,53,#222A35,32,40,51,#202833,4080,4080.0,1,color_image_path,images/walls/color/380_lead_brick_wall_color.png,
381,Krampus Horn Wallpaper,127,117,101,#7F7565,121,111,96,#796F60,4080,4080.0,1,color_image_path,images/walls/color/381_krampus_horn_wallpaper_color.png,
382,Mud Wall,57,47,49,#392F31,55,46,48,#372E30,3704,3704.0,1,color_image_path,images/walls/color/382_mud_wall_color.png,
383,Green Tiled Wall,53,64,68,#354044,46,55,61,#2E373D,4080,4080.0,1,color_image_path,images/walls/color/383_green_tiled_wall_color.png,
384,Shadewood Wall,34,42,49,#222A31,31,38,44,#1F262C,3992,3992.0,1,color_image_path,images/walls/color/384_shadewood_wall_color.png,
385,Fractured Stone Wall,65,55,61,#41373D,61,51,58,#3D333A,3712,3712.0,1,color_image_path,images/walls/color/385_fractured_stone_wall_color.png,
386,Crimstone Brick Wall,101,48,48,#653030,93,40,41,#5D2829,4080,4080.0,1,color_image_path,images/walls/color/386_crimstone_brick_wall_color.png,
387,Offline Topaz Gemspark Wall,116,111,38,#746F26,108,104,34,#6C6822,4096,4096.0,1,color_image_path,images/walls/color/387_offline_topaz_gemspark_wall_color.png,
388,Spider Wall,32,28,24,#201C18,32,28,23,#201C17,3852,3852.0,1,color_image_path,images/walls/color/388_spider_wall_color.png,
389,Lead Fence,43,43,43,#2B2B2B,38,38,38,#262626,2016,2016.0,1,color_image_path,images/walls/color/389_lead_fence_color.png,
390,Bluegreen Wallpaper,10,39,50,#0A2732,10,29,45,#0A1D2D,4080,4080.0,1,color_image_path,images/walls/color/390_bluegreen_wallpaper_color.png,
391,Leafy Jungle Wall,76,70,50,#4C4632,73,63,45,#493F2D,3712,3712.0,1,color_image_path,images/walls/color/391_leafy_jungle_wall_color.png,
392,Gothic Brick Wall,16,18,16,#101210,15,17,15,#0F110F,4080,4080.0,1,color_image_path,images/walls/color/392_gothic_brick_wall_color.png,
393,Pearlwood Wall,77,70,53,#4D4635,66,60,46,#423C2E,4080,4080.0,1,color_image_path,images/walls/color/393_pearlwood_wall_color.png,
394,Reef Wall,92,48,84,#5C3054,85,41,81,#552951,3708,3708.0,1,color_image_path,images/walls/color/394_reef_wall_color.png,
395,Mudstone Brick Wall,47,38,40,#2F2628,43,35,37,#2B2325,4028,4028.0,1,color_image_path,images/walls/color/395_mudstone_brick_wall_color.png,
396,Offline Sapphire Gemspark Wall,38,38,116,#262674,34,35,108,#22236C,4096,4096.0,1,color_image_path,images/walls/color/396_offline_sapphire_gemspark_wall_color.png,
397,Cloud Wall,212,218,223,#D4DADF,211,218,223,#D3DADF,3868,3868.0,1,color_image_path,images/walls/color/397_cloud_wall_color.png,
398,Silver Brick Wall,73,79,79,#494F4F,62,69,69,#3E4545,4080,4080.0,1,color_image_path,images/walls/color/398_silver_brick_wall_color.png,
399,Grinch Finger Wallpaper,71,96,70,#476046,63,89,68,#3F5944,4080,4080.0,1,color_image_path,images/walls/color/399_grinch_finger_wallpaper_color.png,
400,Jungle Vine Wall,75,68,49,#4B4431,72,62,44,#483E2C,3672,3672.0,1,color_image_path,images/walls/color/400_jungle_vine_wall_color.png,
401,Spooky Wood Wall,42,29,52,#2A1D34,37,26,46,#251A2E,4036,4036.0,1,color_image_path,images/walls/color/401_spooky_wood_wall_color.png,
402,Marble Wall,127,134,150,#7F8696,122,129,145,#7A8191,3916,3916.0,1,color_image_path,images/walls/color/402_marble_wall_color.png,
403,Obsidian Brick Wall,8,8,8,#080808,8,8,8,#080808,4080,4080.0,1,color_image_path,images/walls/color/403_obsidian_brick_wall_color.png,
404,Offline Emerald Gemspark Wall,38,116,51,#267433,34,108,47,#226C2F,4096,4096.0,1,color_image_path,images/walls/color/404_offline_emerald_gemspark_wall_color.png,
405,Bone Block Wall,65,65,47,#41412F,59,59,42,#3B3B2A,3672,3672.0,1,color_image_path,images/walls/color/405_bone_block_wall_color.png,
406,Tungsten Brick Wall,65,80,66,#415042,51,68,52,#334434,4080,4080.0,1,color_image_path,images/walls/color/406_tungsten_brick_wall_color.png,
407,Fancy Gray Wallpaper,117,119,130,#757782,112,114,126,#70727E,4080,4080.0,1,color_image_path,images/walls/color/407_fancy_gray_wallpaper_color.png,
408,Grass Wall,27,70,41,#1B4629,26,67,39,#1A4327,3620,3620.0,1,color_image_path,images/walls/color/408_grass_wall_color.png,
409,Planked Wall,55,44,39,#372C27,49,39,34,#312722,3980,3980.0,1,color_image_path,images/walls/color/409_planked_wall_color.png,
410,Smooth Marble Wall,134,141,157,#868D9D,129,136,152,#818898,4096,4096.0,1,color_image_path,images/walls/color/410_smooth_marble_wall_color.png,
411,Iridescent Brick Wall,47,36,49,#2F2431,35,29,43,#231D2B,4072,4072.0,1,color_image_path,images/walls/color/411_iridescent_brick_wall_color.png,
412,Offline Ruby Gemspark Wall,116,38,57,#742639,109,34,53,#6D2235,4096,4096.0,1,color_image_path,images/walls/color/412_offline_ruby_gemspark_wall_color.png,
413,Slime Block Wall,33,58,116,#213A74,33,58,115,#213A73,3744,3744.0,1,color_image_path,images/walls/color/413_slime_block_wall_color.png,
414,Gold Brick Wall,92,79,32,#5C4F20,72,59,16,#483B10,4080,4080.0,1,color_image_path,images/walls/color/414_gold_brick_wall_color.png,
415,Ice Floe Wallpaper,117,160,217,#75A0D9,97,152,214,#6198D6,4080,4080.0,1,color_image_path,images/walls/color/415_ice_floe_wallpaper_color.png,
416,Jungle Wall,47,69,26,#2F451A,46,66,25,#2E4219,3612,3612.0,1,color_image_path,images/walls/color/416_jungle_wall_color.png,
417,White Dynasty Wall,184,174,160,#B8AEA0,167,153,141,#A7998D,4096,4096.0,1,color_image_path,images/walls/color/417_white_dynasty_wall_color.png,
418,Granite Wall,10,10,26,#0A0A1A,10,9,22,#0A0916,3888,3888.0,1,color_image_path,images/walls/color/418_granite_wall_color.png,
419,Pearlstone Brick Wall,97,90,92,#615A5C,86,81,83,#565153,4080,4080.0,1,color_image_path,images/walls/color/419_pearlstone_brick_wall_color.png,
420,Offline Diamond Gemspark Wall,63,66,87,#3F4257,60,62,83,#3C3E53,4096,4096.0,1,color_image_path,images/walls/color/420_offline_diamond_gemspark_wall_color.png,
421,Spike Wall,17,14,11,#110E0B,15,12,10,#0F0C0A,3264,3264.0,1,color_image_path,images/walls/color/421_spike_wall_color.png,
422,Platinum Brick Wall,81,88,97,#515861,69,76,88,#454C58,4032,4032.0,1,color_image_path,images/walls/color/422_platinum_brick_wall_color.png,
423,Music Wallpaper,100,49,111,#64316F,95,28,107,#5F1C6B,4080,4080.0,1,color_image_path,images/walls/color/423_music_wallpaper_color.png,
424,Flower Wall,29,68,43,#1D442B,27,65,39,#1B4127,3608,3608.0,1,color_image_path,images/walls/color/424_flower_wall_color.png,
425,Blue Dynasty Wall,135,121,103,#877967,117,112,95,#75705F,4096,4096.0,1,color_image_path,images/walls/color/425_blue_dynasty_wall_color.png,
426,Smooth Granite Wall,21,20,48,#151430,19,17,42,#13112A,4080,4080.0,1,color_image_path,images/walls/color/426_smooth_granite_wall_color.png,
427,Lihzahrd Brick Wall,32,7,11,#20070B,24,7,10,#18070A,4080,4080.0,1,color_image_path,images/walls/color/427_lihzahrd_brick_wall_color.png,
428,Offline Amber Gemspark Wall,116,62,38,#743E26,109,58,34,#6D3A22,4096,4096.0,1,color_image_path,images/walls/color/428_offline_amber_gemspark_wall_color.png,
429,Flinx Fur Wall,100,83,113,#645371,96,80,110,#60506E,3520,3520.0,1,color_image_path,images/walls/color/429_flinx_fur_wall_color.png,
430,Demonite Brick Wall,46,45,72,#2E2D48,39,39,62,#27273E,4080,4080.0,1,color_image_path,images/walls/color/430_demonite_brick_wall_color.png,
431,Purple Rain Wallpaper,90,51,140,#5A338C,68,35,131,#442383,4080,4080.0,1,color_image_path,images/walls/color/431_purple_rain_wallpaper_color.png,
432,Corrupt Grass Wall,37,37,58,#25253A,36,36,56,#242438,3612,3612.0,1,color_image_path,images/walls/color/432_corrupt_grass_wall_color.png,
433,Cactus Wall,47,81,28,#2F511C,41,77,24,#294D18,4080,4080.0,1,color_image_path,images/walls/color/433_cactus_wall_color.png,
434,Ebonstone Wall,47,42,54,#2F2A36,45,39,52,#2D2734,3884,3883.780392156863,1,color_image_path,images/walls/color/434_ebonstone_wall_color.png,
435,Lava Moss Brick Wall,111,35,0,#6F2300,102,24,0,#661800,4080,4080.0,1,color_image_path,images/walls/color/435_lava_moss_brick_wall_color.png,
436,Amethyst Stone Wall,66,61,70,#423D46,60,55,65,#3C3741,3676,3676.0,1,color_image_path,images/walls/color/436_amethyst_stone_wall_color.png,
437,Lesion Block Wall,63,45,48,#3F2D30,61,43,45,#3D2B2D,3672,3672.0,1,color_image_path,images/walls/color/437_lesion_block_wall_color.png,
438,Crimtane Brick Wall,65,44,48,#412C30,55,37,42,#37252A,4080,4080.0,1,color_image_path,images/walls/color/438_crimtane_brick_wall_color.png,
439,Rainbow Wallpaper,132,107,139,#846B8B,108,80,117,#6C5075,4080,4080.0,1,color_image_path,images/walls/color/439_rainbow_wallpaper_color.png,
440,Crimson Grass Wall,103,53,53,#673535,101,51,51,#653333,3600,3600.0,1,color_image_path,images/walls/color/440_crimson_grass_wall_color.png,
441,Wooden Fence,101,76,51,#654C33,89,66,46,#59422E,2376,2376.0,1,color_image_path,images/walls/color/441_wooden_fence_color.png,
442,Corrupt Growth Wall,65,48,64,#413040,60,46,61,#3C2E3D,3716,3716.0,1,color_image_path,images/walls/color/442_corrupt_growth_wall_color.png,
443,Argon Moss Brick Wall,99,18,70,#631246,89,10,65,#590A41,4080,4080.0,1,color_image_path,images/walls/color/443_argon_moss_brick_wall_color.png,
444,Topaz Stone Wall,69,64,58,#45403A,63,58,53,#3F3A35,3676,3676.0,1,color_image_path,images/walls/color/444_topaz_stone_wall_color.png,
445,Flesh Block Wall,71,18,21,#471215,66,16,19,#421013,3688,3688.0,1,color_image_path,images/walls/color/445_flesh_block_wall_color.png,
446,Meteorite Brick Wall,78,57,94,#4E395E,66,49,78,#42314E,4080,4080.0,1,color_image_path,images/walls/color/446_meteorite_brick_wall_color.png,
447,Sparkle Stone Wallpaper,93,103,136,#5D6788,90,99,132,#5A6384,4080,4080.0,1,color_image_path,images/walls/color/447_sparkle_stone_wallpaper_color.png,
448,Hallowed Grass Wall,26,61,69,#1A3D45,25,59,66,#193B42,3612,3612.0,1,color_image_path,images/walls/color/448_hallowed_grass_wall_color.png,
449,Rich Mahogany Fence,80,34,37,#502225,70,30,32,#461E20,2904,2904.0,1,color_image_path,images/walls/color/449_rich_mahogany_fence_color.png,
450,Corrupt Mass Wall,53,41,63,#35293F,47,38,56,#2F2638,3712,3712.0,1,color_image_path,images/walls/color/450_corrupt_mass_wall_color.png,
451,Krypton Moss Brick Wall,29,97,48,#1D6130,18,87,39,#125727,4080,4080.0,1,color_image_path,images/walls/color/451_krypton_moss_brick_wall_color.png,
452,Sapphire Stone Wall,51,56,66,#333842,48,52,59,#30343B,3816,3816.0,1,color_image_path,images/walls/color/452_sapphire_stone_wall_color.png,
453,Disc Wall,73,28,0,#491C00,65,23,0,#411700,3920,3920.0,1,color_image_path,images/walls/color/453_disc_wall_color.png,
454,Hellstone Brick Wall,66,40,37,#422825,57,34,33,#392221,3708,3708.0,1,color_image_path,images/walls/color/454_hellstone_brick_wall_color.png,
455,Starlit Heaven Wallpaper,27,27,27,#1B1B1B,10,10,10,#0A0A0A,4080,4080.0,1,color_image_path,images/walls/color/455_starlit_heaven_wallpaper_color.png,
456,Snow Wall,103,118,127,#67767F,98,116,126,#62747E,3852,3852.0,1,color_image_path,images/walls/color/456_snow_wall_color.png,
457,Boreal Wood Fence,71,60,54,#473C36,64,54,48,#403630,2520,2520.0,1,color_image_path,images/walls/color/457_boreal_wood_fence_color.png,
458,Corrupt Tendril Wall,59,38,66,#3B2642,55,34,63,#37223F,3616,3616.0,1,color_image_path,images/walls/color/458_corrupt_tendril_wall_color.png,
459,Xenon Moss Brick Wall,4,85,99,#045563,3,66,92,#03425C,4080,4080.0,1,color_image_path,images/walls/color/459_xenon_moss_brick_wall_color.png,
460,Emerald Stone Wall,49,60,53,#313C35,46,55,49,#2E3731,3812,3812.0,1,color_image_path,images/walls/color/460_emerald_stone_wall_color.png,
461,Crescent Wall,53,67,84,#354354,50,64,79,#32404F,4080,4080.0,1,color_image_path,images/walls/color/461_crescent_wall_color.png,
462,Cobalt Brick Wall,21,69,96,#154560,15,61,91,#0F3D5B,4080,4080.0,1,color_image_path,images/walls/color/462_cobalt_brick_wall_color.png,
463,Bubble Wallpaper,87,107,180,#576BB4,84,97,177,#5461B1,4080,4080.0,1,color_image_path,images/walls/color/463_bubble_wallpaper_color.png,
464,Ice Wall,86,106,127,#566A7F,73,100,125,#49647D,3864,3864.0,1,color_image_path,images/walls/color/464_ice_wall_color.png,
465,Bamboo Fence,105,106,47,#696A2F,87,92,32,#575C20,2088,2088.0,1,color_image_path,images/walls/color/465_bamboo_fence_color.png,
466,Corrupt Pustule Wall,55,53,63,#37353F,50,46,59,#322E3B,3712,3712.0,1,color_image_path,images/walls/color/466_corrupt_pustule_wall_color.png,
467,Neon Moss Brick Wall,67,8,90,#43085A,60,7,84,#3C0754,4080,4080.0,1,color_image_path,images/walls/color/467_neon_moss_brick_wall_color.png,
468,Ruby Stone Wall,66,52,54,#423436,59,48,51,#3B3033,3812,3812.0,1,color_image_path,images/walls/color/468_ruby_stone_wall_color.png,
469,Fallen Star Wall,94,60,93,#5E3C5D,91,57,91,#5B395B,4080,4080.0,1,color_image_path,images/walls/color/469_fallen_star_wall_color.png,
470,Palladium Column Wall,107,45,21,#6B2D15,100,37,18,#642512,4096,4096.0,1,color_image_path,images/walls/color/470_palladium_column_wall_color.png,
471,Copper Pipe Wallpaper,136,71,20,#884714,108,66,19,#6C4213,4080,4080.0,1,color_image_path,images/walls/color/471_copper_pipe_wallpaper_color.png,
472,Mushroom Wall,50,51,89,#323359,46,46,80,#2E2E50,4080,4080.0,1,color_image_path,images/walls/color/472_mushroom_wall_color.png,
473,Palm Wood Fence,98,72,36,#624824,91,67,34,#5B4322,2560,2560.0,1,color_image_path,images/walls/color/473_palm_wood_fence_color.png,
474,Crimstone Wall,60,39,40,#3C2728,49,33,34,#312122,3884,3884.0,1,color_image_path,images/walls/color/474_crimstone_wall_color.png,
475,Helium Moss Brick Wall,34,34,34,#222222,25,25,24,#191918,220320,132192.00000053443,54,color_image_path,images/walls/color/475_helium_moss_brick_wall_color.gif,
476,Diamond Stone Wall,61,67,68,#3D4344,55,61,62,#373D3E,3676,3676.0,1,color_image_path,images/walls/color/476_diamond_stone_wall_color.png,
477,Forbidden Wall,83,67,19,#534313,73,55,12,#49370C,4080,4080.0,1,color_image_path,images/walls/color/477_forbidden_wall_color.png,
478,Mythril Brick Wall,47,68,53,#2F4435,28,56,49,#1C3831,4080,4080.0,1,color_image_path,images/walls/color/478_mythril_brick_wall_color.png,
479,Ducky Wallpaper,116,140,147,#748C93,94,135,136,#5E8788,4080,4080.0,1,color_image_path,images/walls/color/479_ducky_wallpaper_color.png,
480,Ember Wall,70,42,39,#462A27,55,36,33,#372421,3736,3736.0,1,color_image_path,images/walls/color/480_ember_wall_color.png,
481,Ash Wood Fence,92,79,88,#5C4F58,81,72,83,#514853,2272,2272.0,1,color_image_path,images/walls/color/481_ash_wood_fence_color.png,
482,Crimson Crust Wall,126,58,48,#7E3A30,122,54,44,#7A362C,3716,3716.0,1,color_image_path,images/walls/color/482_crimson_crust_wall_color.png,
483,Ancient Blue Brick Wall,39,41,75,#27294B,34,36,65,#222441,4080,4080.0,1,color_image_path,images/walls/color/483_ancient_blue_brick_wall_color.png,
484,Amber Stone Wall,62,54,48,#3E3630,56,49,44,#38312C,3796,3796.0,1,color_image_path,images/walls/color/484_amber_stone_wall_color.png,
485,Aquarium Wall,30,61,107,#1E3D6B,22,54,98,#163662,32768,42598.40000000906,8,color_image_path,images/walls/color/485_aquarium_wall_color.gif,
486,Bubblegum Block Wall,133,54,131,#853683,127,49,128,#7F3180,4080,4080.0,1,color_image_path,images/walls/color/486_bubblegum_block_wall_color.png,
487,Arcane Rune Wall,77,56,76,#4D384C,68,42,72,#442A48,61440,148275.2000000037,15,color_image_path,images/walls/color/487_arcane_rune_wall_color.gif,
488,Cinder Wall,78,45,45,#4E2D2D,65,38,37,#412625,3676,3676.0,1,color_image_path,images/walls/color/488_cinder_wall_color.png,
489,Ebonwood Fence,56,53,63,#38353F,50,48,58,#32303A,2436,2436.0,1,color_image_path,images/walls/color/489_ebonwood_fence_color.png,
490,Crimson Scab Wall,93,26,29,#5D1A1D,87,23,26,#57171A,3716,3716.0,1,color_image_path,images/walls/color/490_crimson_scab_wall_color.png,
491,Ancient Pink Brick Wall,61,26,46,#3D1A2E,54,24,44,#36182C,4080,4080.0,1,color_image_path,images/walls/color/491_ancient_pink_brick_wall_color.png,
492,Purple Stained Glass,150,85,157,#96559D,139,72,147,#8B4893,4096,2875.2313725488916,1,color_image_path,images/walls/color/492_purple_stained_glass_color.png,
493,Harpy Wall,24,73,109,#18496D,24,72,108,#18486C,3480,3480.0,1,color_image_path,images/walls/color/493_harpy_wall_color.png,
494,Adamantite Beam Wall,87,16,41,#571029,85,16,40,#551028,4096,4096.0,1,color_image_path,images/walls/color/494_adamantite_beam_wall_color.png,
495,Sail,214,204,150,#D6CC96,209,199,147,#D1C793,3608,3608.0,1,color_image_path,images/walls/color/495_sail_color.png,
496,Magma Wall,82,39,35,#522723,67,32,28,#43201C,3718,3718.0,1,color_image_path,images/walls/color/496_magma_wall_color.png,
497,Shadewood Fence,57,62,62,#393E3E,47,54,55,#2F3637,2904,2904.0,1,color_image_path,images/walls/color/497_shadewood_fence_color.png,
498,Crimson Teeth Wall,87,50,41,#573229,79,33,31,#4F211F,3728,3728.0,1,color_image_path,images/walls/color/498_crimson_teeth_wall_color.png,
499,Ancient Green Brick Wall,34,61,24,#223D18,27,53,22,#1B3516,4080,4080.0,1,color_image_path,images/walls/color/499_ancient_green_brick_wall_color.png,
500,Yellow Stained Glass,163,144,92,#A3905C,154,132,78,#9A844E,4096,2875.2313725488916,1,color_image_path,images/walls/color/500_yellow_stained_glass_color.png,
501,Hive Wall,116,77,38,#744D26,112,74,36,#704A24,3512,3512.0,1,color_image_path,images/walls/color/501_hive_wall_color.png,
502,Titanstone Block Wall,31,23,19,#1F1713,28,22,19,#1C1613,4096,4096.0,1,color_image_path,images/walls/color/502_titanstone_block_wall_color.png,
503,Smouldering Stone Wall,85,51,44,#55332C,77,45,38,#4D2D26,3740,3740.0,1,color_image_path,images/walls/color/503_smouldering_stone_wall_color.png,
504,Pearlwood Fence,116,105,79,#74694F,99,90,68,#635A44,2592,2592.0,1,color_image_path,images/walls/color/504_pearlwood_fence_color.png,
505,Crimson Blister Wall,127,55,54,#7F3736,118,44,49,#762C31,3724,3724.0,1,color_image_path,images/walls/color/505_crimson_blister_wall_color.png,
506,Ancient Gold Brick Wall,73,65,37,#494125,58,51,26,#3A331A,4080,4080.0,1,color_image_path,images/walls/color/506_ancient_gold_brick_wall_color.png,
507,Blue Stained Glass,78,109,160,#4E6DA0,62,95,149,#3E5F95,4096,2875.2313725488916,1,color_image_path,images/walls/color/507_blue_stained_glass_color.png,
508,Pumpkin Wall,151,69,5,#974505,146,66,4,#924204,4000,4000.0,1,color_image_path,images/walls/color/508_pumpkin_wall_color.png,
509,Hallowed Brick Wall,69,67,54,#454336,46,53,46,#2E352E,4080,4080.0,1,color_image_path,images/walls/color/509_hallowed_brick_wall_color.png,
510,Obsidian Wall,41,39,71,#292747,35,32,63,#23203F,3744,3744.0,1,color_image_path,images/walls/color/510_obsidian_wall_color.png,
511,Spider Nest Wall,47,30,30,#2F1E1E,42,27,27,#2A1B1B,3716,3716.0,1,color_image_path,images/walls/color/511_spider_nest_wall_color.png,
512,Ancient Silver Brick Wall,61,66,67,#3D4243,46,50,52,#2E3234,4080,4080.0,1,color_image_path,images/walls/color/512_ancient_silver_brick_wall_color.png,
513,Green Stained Glass,111,154,119,#6F9A77,93,144,108,#5D906C,4096,2875.2313725488916,1,color_image_path,images/walls/color/513_green_stained_glass_color.png,
514,Hay Wall,78,62,21,#4E3E15,65,51,17,#413311,4008,4008.0,1,color_image_path,images/walls/color/514_hay_wall_color.png,
515,Chlorophyte Brick Wall,41,89,30,#29591E,27,70,27,#1B461B,3772,3772.0,1,color_image_path,images/walls/color/515_chlorophyte_brick_wall_color.png,
516,Sandstone Wall,132,72,45,#84482D,126,68,44,#7E442C,3864,3864.0,1,color_image_path,images/walls/color/516_sandstone_wall_color.png,
517,Living Leaf Wall,2,51,19,#023313,2,49,18,#023112,3548,3548.0,1,color_image_path,images/walls/color/517_living_leaf_wall_color.png,
518,Pearlstone Wall,74,66,77,#4A424D,70,61,75,#463D4B,3904,3904.0,1,color_image_path,images/walls/color/518_pearlstone_wall_color.png,
519,Ancient Copper Brick Wall,74,47,37,#4A2F25,58,36,26,#3A241A,4080,4080.0,1,color_image_path,images/walls/color/519_ancient_copper_brick_wall_color.png,
520,Red Stained Glass,174,76,76,#AE4C4C,165,62,64,#A53E40,4096,2859.16862745087,1,color_image_path,images/walls/color/520_red_stained_glass_color.png,
521,Easter Wall,117,97,86,#756156,103,84,75,#67544B,4080,4080.0,1,color_image_path,images/walls/color/521_easter_wall_color.png,
522,Shroomite Plating Wall,27,44,162,#1B2CA2,22,25,137,#161989,4080,4080.0,1,color_image_path,images/walls/color/522_shroomite_plating_wall_color.png,
523,Smooth Sandstone Wall,132,71,45,#84472D,126,68,44,#7E442C,4080,4080.0,1,color_image_path,images/walls/color/523_smooth_sandstone_wall_color.png,
524,Feywood Wall,69,43,29,#452B1D,64,40,27,#40281B,3740,3740.0,1,color_image_path,images/walls/color/524_feywood_wall_color.png,
525,Hallowed Cavern Wall,90,73,94,#5A495E,84,67,91,#54435B,3732,3732.0,1,color_image_path,images/walls/color/525_hallowed_cavern_wall_color.png,
526,Ancient Obsidian Brick Wall,36,35,58,#24233A,32,31,47,#201F2F,4080,4080.0,1,color_image_path,images/walls/color/526_ancient_obsidian_brick_wall_color.png,
527,Orange Stained Glass,202,128,73,#CA8049,196,116,64,#C47440,4096,2845.92941176461,1,color_image_path,images/walls/color/527_orange_stained_glass_color.png,
528,Cog Wall,56,54,51,#383633,49,47,45,#312F2D,8160,8160.0,2,color_image_path,images/walls/color/528_cog_wall_color.gif,
529,Solar Brick Wall,56,26,30,#381A1E,52,23,29,#34171D,3716,3716.0,1,color_image_path,images/walls/color/529_solar_brick_wall_color.png,
530,Pine Wood Wall,44,24,15,#2C180F,40,21,14,#28150E,4080,4080.0,1,color_image_path,images/walls/color/530_pine_wood_wall_color.png,
531,Hallowed Prism Wall,83,39,81,#532751,67,32,73,#432049,3712,3712.0,1,color_image_path,images/walls/color/531_hallowed_prism_wall_color.png,
532,Ancient Hellstone Brick Wall,55,33,31,#37211F,46,30,29,#2E1E1D,4080,4080.0,1,color_image_path,images/walls/color/532_ancient_hellstone_brick_wall_color.png,
533,Multicolored Stained Glass,144,132,140,#90848C,125,106,123,#7D6A7B,4096,2815.717647058692,1,color_image_path,images/walls/color/533_multicolored_stained_glass_color.png,
534,Jellyfish Wall,41,56,109,#29386D,36,51,105,#243369,29768,29768.0,8,color_image_path,images/walls/color/534_jellyfish_wall_color.gif,
535,Vortex Brick Wall,32,41,48,#202930,27,36,43,#1B242B,3728,3728.0,1,color_image_path,images/walls/color/535_vortex_brick_wall_color.png,
536,Desert Fossil Wall,89,49,25,#593119,76,36,15,#4C240F,3696,3696.0,1,color_image_path,images/walls/color/536_desert_fossil_wall_color.png,
537,Librarian Wall,37,35,32,#252320,32,29,26,#201D1A,3904,3904.0,1,color_image_path,images/walls/color/537_librarian_wall_color.png,
538,Hallowed Shard Wall,122,42,101,#7A2A65,104,35,97,#682361,3736,3736.0,1,color_image_path,images/walls/color/538_hallowed_shard_wall_color.png,
539,Ancient Cobalt Brick Wall,20,43,61,#142B3D,16,32,46,#10202E,4080,4080.0,1,color_image_path,images/walls/color/539_ancient_cobalt_brick_wall_color.png,
540,Boulder Wall,53,53,53,#353535,50,50,50,#323232,3772,3772.0,1,color_image_path,images/walls/color/540_boulder_wall_color.png,
541,Nebula Brick Wall,40,43,53,#282B35,34,39,50,#222732,3736,3736.0,1,color_image_path,images/walls/color/541_nebula_brick_wall_color.png,
542,Ebonsandstone Wall,58,39,73,#3A2749,54,36,68,#362444,3868,3868.0,1,color_image_path,images/walls/color/542_ebonsandstone_wall_color.png,
543,Office Wall,57,40,35,#392823,55,39,34,#372722,4096,4096.0,1,color_image_path,images/walls/color/543_office_wall_color.png,
544,Hallowed Crystalline Wall,104,45,95,#682D5F,96,38,88,#602658,3712,3712.0,1,color_image_path,images/walls/color/544_hallowed_crystalline_wall_color.png,
545,Ancient Mythril Brick Wall,45,67,56,#2D4338,33,51,47,#21332F,4080,4080.0,1,color_image_path,images/walls/color/545_ancient_mythril_brick_wall_color.png,
546,Silly Pink Balloon Wall,146,23,75,#92174B,142,11,71,#8E0B47,3968,3968.0,1,color_image_path,images/walls/color/546_silly_pink_balloon_wall_color.png,
547,Stardust Brick Wall,54,35,42,#36232A,50,31,34,#321F22,3732,3732.0,1,color_image_path,images/walls/color/547_stardust_brick_wall_color.png,
548,Hardened Ebonsand Wall,55,44,70,#372C46,52,40,67,#342843,3708,3708.0,1,color_image_path,images/walls/color/548_hardened_ebonsand_wall_color.png,
549,Crystal Block Wall,65,42,94,#412A5E,48,24,82,#301852,4080,4080.0,1,color_image_path,images/walls/color/549_crystal_block_wall_color.png,
550,Silly Purple Balloon Wall,94,50,160,#5E32A0,90,36,158,#5A249E,3968,3968.0,1,color_image_path,images/walls/color/550_silly_purple_balloon_wall_color.png,
551,Martian Conduit Wall,59,90,105,#3B5A69,50,66,80,#324250,4080,4080.0,1,color_image_path,images/walls/color/551_martian_conduit_wall_color.png,
552,Crimsandstone Wall,61,33,26,#3D211A,57,27,22,#391B16,3880,3880.0,1,color_image_path,images/walls/color/552_crimsandstone_wall_color.png,
553,Aetherium Wall,64,84,111,#40546F,50,82,109,#32526D,3808,3808.0,1,color_image_path,images/walls/color/553_aetherium_wall_color.png,
554,Silly Green Balloon Wall,6,109,96,#066D60,2,104,91,#02685B,3968,3968.0,1,color_image_path,images/walls/color/554_silly_green_balloon_wall_color.png,
555,Luminite Brick Wall,64,86,72,#405648,54,64,58,#36403A,4080,4080.0,1,color_image_path,images/walls/color/555_luminite_brick_wall_color.png,
556,Hardened Crimsand Wall,38,28,24,#261C18,37,21,18,#251512,3704,3704.0,1,color_image_path,images/walls/color/556_hardened_crimsand_wall_color.png,
557,Aetherium Brick Wall,60,85,115,#3C5573,46,84,113,#2E5471,4080,4080.0,1,color_image_path,images/walls/color/557_aetherium_brick_wall_color.png,
558,Echo Wall,67,98,115,#436273,39,72,100,#274864,4064,2139.827450980416,1,color_image_path,images/walls/color/558_echo_wall_color.png,
559,Lunar Rust Brick Wall,66,70,75,#42464B,56,51,58,#38333A,4080,4080.0,1,color_image_path,images/walls/color/559_lunar_rust_brick_wall_color.png,
560,Pearlsandstone Wall,64,52,87,#403457,59,47,83,#3B2F53,3872,3872.0,1,color_image_path,images/walls/color/560_pearlsandstone_wall_color.png,
561,Green Mossy Wall,41,54,50,#293632,38,51,47,#26332F,3752,3752.0,1,color_image_path,images/walls/color/561_green_mossy_wall_color.png,
562,Poo Wall,61,35,26,#3D231A,59,33,26,#3B211A,3888,3888.0,1,color_image_path,images/walls/color/562_poo_wall_color.png,
563,Dark Celestial Brick Wall,52,58,77,#343A4D,37,43,70,#252B46,4080,4080.0,1,color_image_path,images/walls/color/563_dark_celestial_brick_wall_color.png,
564,Hardened Pearlsand Wall,82,72,115,#524873,74,68,110,#4A446E,3728,3728.0,1,color_image_path,images/walls/color/564_hardened_pearlsand_wall_color.png,
565,Brown Mossy Wall,54,54,42,#36362A,51,51,40,#333328,3760,3760.0,1,color_image_path,images/walls/color/565_brown_mossy_wall_color.png,
566,Waterfall Wall,55,89,153,#375999,41,79,147,#294F93,32768,22937.600000013823,8,color_image_path,images/walls/color/566_waterfall_wall_color.gif,
567,Astra Brick Wall,37,72,88,#254858,27,47,71,#1B2F47,4080,4080.0,1,color_image_path,images/walls/color/567_astra_brick_wall_color.png,
568,Red Mossy Wall,49,41,41,#312929,45,39,39,#2D2727,3840,3840.0,1,color_image_path,images/walls/color/568_red_mossy_wall_color.png,
569,Lavafall Wall,168,79,50,#A84F32,157,66,32,#9D4220,32768,49152.0,8,color_image_path,images/walls/color/569_lavafall_wall_color.gif,
570,Cosmic Ember Brick Wall,83,61,52,#533D34,57,49,45,#39312D,4080,4080.0,1,color_image_path,images/walls/color/570_cosmic_ember_brick_wall_color.png,
571,Blue Mossy Wall,42,46,51,#2A2E33,38,43,47,#262B2F,3760,3760.0,1,color_image_path,images/walls/color/571_blue_mossy_wall_color.png,
572,Honeyfall Wall,153,114,45,#99722D,143,106,20,#8F6A14,32768,49152.0,8,color_image_path,images/walls/color/572_honeyfall_wall_color.gif,
573,Cryocore Brick Wall,35,76,81,#234C51,23,61,69,#173D45,4080,4080.0,1,color_image_path,images/walls/color/573_cryocore_brick_wall_color.png,
574,Purple Mossy Wall,51,43,53,#332B35,47,40,50,#2F2832,3760,3760.0,1,color_image_path,images/walls/color/574_purple_mossy_wall_color.png,
575,Shimmerfall Wall,120,113,170,#7871AA,111,106,164,#6F6AA4,32768,49152.0,8,color_image_path,images/walls/color/575_shimmerfall_wall_color.gif,
576,Mercury Brick Wall,65,73,76,#41494C,50,58,63,#323A3F,4080,4080.0,1,color_image_path,images/walls/color/576_mercury_brick_wall_color.png,
577,Sandfall Wall,113,112,72,#717048,105,105,64,#696940,33280,33280.0,8,color_image_path,images/walls/color/577_sandfall_wall_color.gif,
578,Star Royale Brick Wall,52,58,97,#343A61,31,35,81,#1F2351,4080,4080.0,1,color_image_path,images/walls/color/578_star_royale_brick_wall_color.png,
579,Snowfall Wall,81,106,118,#516A76,60,88,105,#3C5869,9644,7715.200000001206,8,color_image_path,images/walls/color/579_snowfall_wall_color.gif,
580,Heavenforge Brick Wall,114,117,127,#72757F,103,106,117,#676A75,4080,4080.0,1,color_image_path,images/walls/color/580_heavenforge_brick_wall_color.png,
581,Confetti Wall,94,119,132,#5E7784,72,100,113,#486471,12612,10089.599999999587,8,color_image_path,images/walls/color/581_confetti_wall_color.gif,
582,Midnight Confetti Wall,56,71,72,#384748,29,42,45,#1D2A2D,32768,26214.399999984922,8,color_image_path,images/walls/color/582_midnight_confetti_wall_color.gif,
583,Gold Starry Wall,35,53,73,#233549,20,32,54,#142036,65536,98304.0,16,color_image_path,images/walls/color/583_gold_starry_wall_color.gif,
584,Blue Starry Wall,27,51,76,#1B334C,16,32,57,#102039,65536,98304.0,16,color_image_path,images/walls/color/584_blue_starry_wall_color.gif,
